{"stats":{"minecraft:killed":{"minecraft:cave_spider":3,"mineminenomi:pirate_captain":1,"minecraft:witch":10,"minecraft:spider":13,"mineminenomi:wanted_poster_package":3,"minecraft:skeleton":72,"mineminenomi:super_spotbilled_duck":1,"minecraft:chicken":6,"minecraft:silverfish":3,"alexsmobs:centipede_head":2,"minecraft:tropical_fish":1,"minecraft:magma_cube":4,"minecraft:pig":29,"minecraft:zombie_villager":1,"minecraft:creeper":7,"minecraft:sheep":8,"minecraft:pillager":9,"minecraft:zombie":73,"alexsmobs:fly":1,"mineminenomi:bandit_grunt":79,"minecraft:cow":9,"alexsmobs:raccoon":4,"minecraft:vindicator":4,"quark:toretoise":1,"alexsmobs:seagull":2,"minecraft:phantom":2,"mineminenomi:bandit_brute":4,"mineminenomi:marine_sniper":3,"minecraft:drowned":2,"mineminenomi:bandit_sniper":1,"mineminenomi:marine_brute":21,"mineminenomi:pirate_grunt":60,"alexsmobs:guster":3,"mineminenomi:marine_captain":1,"mineminenomi:marine_grunt":178,"alexsmobs:crocodile":1,"alexsmobs:elephant":3,"mineminenomi:pirate_brute":5,"alexsmobs:crow":2,"mineminenomi:gin":1,"minecraft:enderman":1},"minecraft:killed_by":{"mineminenomi:pirate_captain":1,"mineminenomi:marine_brute":11,"mineminenomi:marine_captain":21,"minecraft:zombie":1,"mineminenomi:buchi":1,"mineminenomi:marine_sniper":9,"mineminenomi:bandit_sniper":2,"mineminenomi:marine_grunt":17,"mineminenomi:bandit_grunt":2},"minecraft:broken":{"minecraft:diamond_helmet":1,"magicaljewelry:silver_ring":1,"minecraft:diamond_boots":1,"easy_hammers:iron_hammer":4,"minecraft:diamond_leggings":1,"mineminenomi:senriku":1},"minecraft:used":{"quark:cobbled_deepslate":3,"minecraft:bone_block":4,"minecraft:shield":4,"minecraft:rotten_flesh":9,"minecraft:jungle_planks":1,"minecraft:lantern":1,"mineminenomi:mace":8,"minecraft:furnace":6,"minecraft:cooked_cod":27,"mineminenomi:hiso_hiso_no_mi":1,"travelersbackpack:iron_golem":14,"minecraft:golden_apple":1,"mineminenomi:sea_king_meat":2,"mineminenomi:horu_horu_no_mi":1,"minecraft:sand":1,"minecraft:mushroom_stew":12,"minecraft:melon_slice":13,"minecraft:bread":52,"mineminenomi:zou_zou_no_mi":2,"mineminenomi:wanted_poster_package":7,"minecraft:diamond_sword":938,"minecraft:cooked_rabbit":27,"minecraft:birch_log":6,"minecraft:oak_boat":1,"minecraft:experience_bottle":85,"minecraft:dead_tube_coral_block":2,"minecraft:dried_kelp":10,"minecraft:light_blue_terracotta":1,"minecraft:spruce_planks":2,"minecraft:cooked_salmon":31,"minecraft:cooked_chicken":25,"minecraft:torch":48,"minecraft:dirt":12,"mineminenomi:sara_sara_no_mi_model_axolotl":1,"travelersbackpack:gold":8,"minecraft:iron_axe":257,"easy_hammers:iron_hammer":1159,"mineminenomi:pipe":85,"mineminenomi:senriku":1066,"minecraft:cooked_beef":23,"minecraft:beetroot_soup":2,"minecraft:cooked_mutton":26,"minecraft:iron_ore":14,"mineminenomi:flintlock":54,"minecraft:cut_sandstone":17,"mineminenomi:sai_sai_no_mi":1,"minecraft:tnt":3,"minecraft:crafting_table":9,"minecraft:oak_log":1,"minecraft:diamond_pickaxe":167,"minecraft:apple":23,"mineminenomi:wanted_poster":11,"minecraft:iron_pickaxe":212,"minecraft:cyan_concrete":6,"croptopia:cauliflower":1,"minecraft:cobblestone":220,"travelersbackpack:standard":34,"minecraft:cooked_porkchop":43,"betterendforge:iron_hammer":15,"minecraft:gray_wool":1,"mineminenomi:sui_sui_no_mi":1},"minecraft:picked_up":{"minecraft:iron_chestplate":3,"minecraft:wheat":3,"minecraft:anvil":2,"minecraft:diamond_sword":5,"mineminenomi:senriku":2,"minecraft:string":18,"minecraft:dead_tube_coral_block":2,"minecraft:cooked_salmon":31,"minecraft:smooth_stone_slab":1,"minecraft:iron_leggings":2,"minecraft:beetroot_soup":1,"minecraft:armor_stand":4,"minecraft:oak_sign":1,"minecraft:diamond_leggings":1,"minecraft:spruce_planks":26,"minecraft:rose_bush":3,"mineminenomi:katana":1,"minecraft:smooth_quartz":4,"minecraft:iron_pickaxe":1,"alexsmobs:raccoon_tail":1,"minecraft:iron_boots":2,"minecraft:stick":41,"mineminenomi:luffys_shirt":1,"minecraft:oak_fence":2,"minecraft:torch":8,"minecraft:green_bed":1,"minecraft:spruce_stairs":1,"croptopia:olive_seed":2,"minecraft:porkchop":62,"alexsmobs:centipede_leg":1,"minecraft:brown_carpet":3,"mineminenomi:den_den_mushi":1,"minecraft:quartz_block":64,"mineminenomi:medic_bag":1,"minecraft:honey_bottle":33,"quark:clear_shard":8,"minecraft:rotten_flesh":76,"magicaljewelry:silver_amulet":2,"minecraft:iron_bars":1,"minecraft:cod":2,"quark:marble":3,"minecraft:cobblestone":1721,"croptopia:cauliflower":1,"minecraft:birch_log":7,"mineminenomi:key":1,"travelersbackpack:iron_golem":2,"minecraft:leather_chestplate":1,"minecraft:cooked_beef":64,"minecraft:feather":18,"minecraft:lilac":1,"minecraft:iron_door":3,"minecraft:brown_wool":1,"minecraft:chiseled_quartz_block":7,"minecraft:potato":7,"paraglider:spirit_orb":24,"mineminenomi:belly_pouch":76,"minecraft:gray_concrete":2,"minecraft:lapis_lazuli":50,"minecraft:dirt":91,"minecraft:lantern":14,"minecraft:leather_boots":1,"minecraft:glass":5,"minecraft:bone":72,"create:copper_ore":5,"minecraft:bow":2,"minecraft:wheat_seeds":25,"mineminenomi:zou_zou_no_mi":1,"minecraft:glowstone_dust":3,"travelersbackpack:gold":2,"croptopia:roe":4,"minecraft:cyan_concrete":9,"minecraft:prismarine":1,"minecraft:oak_planks":20,"minecraft:cooked_porkchop":15,"minecraft:sand":24,"minecraft:jungle_planks":37,"minecraft:stripped_spruce_log":1,"minecraft:grass_block":14,"minecraft:lily_of_the_valley":1,"minecraft:chiseled_sandstone":1,"quark:cobbled_deepslate":1792,"minecraft:blue_terracotta":3,"minecraft:light_blue_terracotta":12,"minecraft:diamond":46,"minecraft:lever":1,"minecraft:crossbow":2,"minecraft:granite":2,"minecraft:emerald":4,"minecraft:bread":4,"minecraft:oak_sapling":2,"minecraft:dark_oak_fence":1,"minecraft:diamond_pickaxe":4,"mineminenomi:cannon_ball":19,"mineminenomi:sniper_goggles":1,"minecraft:crafting_table":1,"minecraft:chicken":9,"minecraft:ladder":2,"minecraft:rabbit_stew":1,"minecraft:leather_leggings":1,"magicaljewelry:gold_bracelet":1,"minecraft:wooden_pickaxe":1,"minecraft:cooked_rabbit":35,"minecraft:infested_cobblestone":26,"gravestone:obituary":39,"minecraft:shield":1,"mineminenomi:cannon":3,"minecraft:red_bed":1,"minecraft:iron_axe":1,"minecraft:item_frame":2,"minecraft:white_carpet":9,"minecraft:blue_orchid":1,"mineminenomi:kairoseki_bullet":6,"minecraft:beef":25,"create:zinc_ore":10,"minecraft:player_head":2,"minecraft:iron_nugget":5,"minecraft:poppy":1,"minecraft:spruce_slab":3,"mineminenomi:pipe":1,"minecraft:quartz_stairs":2,"minecraft:sugar_cane":4,"minecraft:birch_sapling":1,"minecraft:egg":1,"minecraft:sandstone":21,"minecraft:oak_door":7,"minecraft:bowl":2,"mineminenomi:wanted_poster":17,"minecraft:stone_button":1,"minecraft:trident":2,"minecraft:carrot":1,"minecraft:redstone":229,"minecraft:blue_carpet":3,"alexsmobs:crocodile_scute":1,"minecraft:tnt":10,"minecraft:arrow":61,"minecraft:diamond_chestplate":2,"minecraft:cooked_cod":43,"minecraft:jungle_stairs":2,"minecraft:pumpkin_pie":1,"quark:smooth_basalt":7,"minecraft:diamond_boots":2,"minecraft:stripped_dark_oak_wood":1,"minecraft:saddle":1,"minecraft:gold_ingot":14,"minecraft:mutton":12,"minecraft:bone_block":34,"minecraft:skeleton_skull":2,"minecraft:white_wool":13,"mineminenomi:challenge_poster":11,"minecraft:leather":11,"minecraft:cut_sandstone":26,"minecraft:acacia_wood":3,"create:weathered_limestone_cobblestone":66,"minecraft:oak_log":77,"minecraft:gunpowder":171,"easy_hammers:iron_hammer":3,"minecraft:orange_terracotta":2,"minecraft:cooked_mutton":26,"croptopia:olive":1,"minecraft:apple":25,"minecraft:iron_ingot":138,"minecraft:cooked_chicken":41,"quark:tallow":53,"minecraft:iron_ore":281,"minecraft:glass_bottle":2,"travelersbackpack:blank_upgrade":1,"minecraft:acacia_sapling":1,"mineminenomi:flintlock":3,"minecraft:purple_concrete":3,"mineminenomi:bullet":521,"betterendforge:iron_hammer":2,"minecraft:dark_oak_slab":1,"tconstruct:copper_ore":3,"minecraft:sweet_berries":3,"minecraft:dandelion":2,"minecraft:gravel":4,"minecraft:spruce_log":6,"minecraft:green_carpet":1,"minecraft:gold_ore":69,"minecraft:spider_eye":4,"magicaljewelry:gold_amulet":1,"minecraft:leather_helmet":1,"mineminenomi:cigarette":1,"magicaljewelry:silver_ring":4,"mineminenomi:sake_cup":2,"minecraft:iron_helmet":3,"minecraft:gray_wool":5,"minecraft:coal":243},"minecraft:mined":{"minecraft:blue_carpet":1,"minecraft:spruce_planks":7,"botania:red_mystical_flower":1,"minecraft:granite":2,"minecraft:grass_block":15,"minecraft:dead_tube_coral_block":2,"mineminenomi:sponge_cake":6,"minecraft:spawner":13,"minecraft:tall_seagrass":1,"minecraft:iron_ore":118,"mineminenomi:wanted_poster_package":7,"minecraft:fire":13,"create:copper_ore":6,"minecraft:stripped_dark_oak_wood":1,"minecraft:iron_bars":1,"minecraft:green_carpet":1,"minecraft:green_bed":1,"minecraft:spruce_slab":3,"minecraft:cut_sandstone":3,"minecraft:quartz_block":4,"minecraft:red_bed":1,"minecraft:blackstone":1,"minecraft:orange_terracotta":2,"minecraft:chiseled_quartz_block":9,"minecraft:torch":1,"minecraft:jungle_stairs":2,"minecraft:poppy":1,"quark:stone_speleothem":1,"minecraft:white_stained_glass_pane":1,"minecraft:glass":4,"minecraft:cobblestone":6,"minecraft:oak_planks":7,"minecraft:sugar_cane":1,"minecraft:iron_door":1,"minecraft:prismarine":1,"minecraft:bricks":2,"minecraft:wall_torch":2,"minecraft:light_blue_terracotta":5,"minecraft:blue_terracotta":3,"minecraft:dark_oak_slab":1,"croptopia:cauliflower_crop":1,"minecraft:birch_log":6,"minecraft:lilac":1,"quark:marble":4,"minecraft:tnt":2,"create:weathered_limestone":45,"minecraft:grass":96,"minecraft:oak_log":73,"minecraft:dirt":18,"minecraft:sand":22,"minecraft:smooth_quartz":4,"minecraft:oak_leaves":115,"create:zinc_ore":5,"minecraft:diamond_ore":15,"croptopia:orange_crop":1,"minecraft:mossy_cobblestone":3,"minecraft:oak_door":1,"gravestone:gravestone":64,"quark:cobbled_deepslate":2,"create:natural_scoria":8,"minecraft:ladder":2,"minecraft:purple_terracotta":2,"minecraft:jungle_planks":36,"minecraft:spruce_leaves":14,"minecraft:sandstone":8,"minecraft:large_fern":7,"minecraft:black_stained_glass_pane":4,"minecraft:redstone_ore":26,"minecraft:chiseled_sandstone":1,"minecraft:acacia_wood":3,"minecraft:stripped_spruce_log":1,"quark:smooth_basalt":7,"minecraft:peony":1,"minecraft:cobblestone_slab":1,"minecraft:cyan_concrete":3,"minecraft:stone":382,"tconstruct:copper_ore":1,"minecraft:birch_stairs":1,"minecraft:gray_concrete":2,"minecraft:glass_pane":3,"minecraft:red_wool":1,"minecraft:lily_of_the_valley":1,"minecraft:brown_carpet":2,"minecraft:dandelion":2,"minecraft:oak_fence":1,"minecraft:crafting_table":2,"minecraft:cornflower":1,"minecraft:emerald_ore":1,"minecraft:rose_bush":2,"minecraft:tall_grass":21,"minecraft:lapis_ore":2,"croptopia:olive_crop":1,"minecraft:sweet_berry_bush":1,"minecraft:white_carpet":2,"minecraft:spruce_log":6,"minecraft:birch_leaves":4,"minecraft:purple_concrete":4,"minecraft:grass_path":2,"quark:deepslate":644,"minecraft:coal_ore":77,"quark:monster_box":4,"minecraft:end_rod":1,"minecraft:gravel":5,"minecraft:cobweb":1,"minecraft:terracotta":2,"minecraft:gold_ore":27,"minecraft:infested_stone":1,"minecraft:fern":1,"quark:root":1},"minecraft:dropped":{"minecraft:gold_ore":5,"mineminenomi:flintlock":1,"minecraft:porkchop":9,"minecraft:cooked_beef":32,"minecraft:oak_log":5,"mineminenomi:cannon_ball":4,"minecraft:glass_bottle":1,"mineminenomi:bullet":9,"quark:marble":3,"minecraft:crossbow":1,"minecraft:lantern":4,"minecraft:leather":1,"minecraft:jungle_planks":14,"minecraft:leather_helmet":1,"minecraft:item_frame":2,"minecraft:dirt":47,"tconstruct:materials_and_you":1,"minecraft:mutton":8,"minecraft:cooked_cod":16,"minecraft:cut_sandstone":9,"quark:cobbled_deepslate":1238,"gravestone:obituary":53,"minecraft:pumpkin_pie":1,"minecraft:bone_block":23,"minecraft:sand":5,"minecraft:iron_pickaxe":1,"mineminenomi:pipe":2,"minecraft:birch_log":1,"alexsmobs:raccoon_tail":1,"minecraft:white_wool":3,"minecraft:armor_stand":3,"minecraft:gold_ingot":14,"minecraft:bone":17,"minecraft:oak_door":5,"minecraft:gravel":4,"croptopia:olive_seed":2,"alexsmobs:centipede_leg":1,"quark:tallow":18,"minecraft:sugar_cane":2,"mineminenomi:sake_cup":1,"minecraft:iron_nugget":5,"minecraft:cooked_chicken":14,"alexsmobs:animal_dictionary":1,"minecraft:birch_sapling":1,"minecraft:rotten_flesh":43,"mineminenomi:medic_bag":1,"minecraft:oak_planks":36,"minecraft:glowstone_dust":2,"minecraft:prismarine":1,"mineminenomi:cannon":1,"minecraft:honey_bottle":18,"minecraft:carrot":1,"minecraft:poppy":1,"minecraft:leather_chestplate":1,"minecraft:gunpowder":32,"minecraft:skeleton_skull":1,"travelersbackpack:iron_golem":2,"minecraft:leather_boots":1,"minecraft:leather_leggings":1,"create:zinc_ore":7,"minecraft:spruce_slab":1,"minecraft:iron_ore":3,"minecraft:arrow":14,"minecraft:beef":5,"minecraft:infested_cobblestone":26,"minecraft:wheat_seeds":8,"minecraft:tnt":3,"create:copper_ore":5,"mineminenomi:sanjis_pants":1,"minecraft:iron_helmet":2,"minecraft:feather":12,"minecraft:oak_fence":1,"minecraft:cobblestone":566,"mineminenomi:tangerine":2,"minecraft:spruce_stairs":1,"minecraft:grass_block":1,"minecraft:stick":11,"minecraft:gray_wool":1,"quark:clear_shard":8,"minecraft:brown_wool":1,"minecraft:iron_door":1,"minecraft:iron_leggings":1,"mineminenomi:cigarette":1,"mineminenomi:luffys_shirt":1,"mineminenomi:kairoseki_bullet":20,"minecraft:string":9,"minecraft:blue_carpet":1,"minecraft:chiseled_sandstone":1,"minecraft:dandelion":2,"minecraft:blue_terracotta":1,"minecraft:anvil":2,"minecraft:player_head":1,"minecraft:bowl":8,"betterendforge:iron_hammer":2,"minecraft:iron_boots":1,"easy_hammers:iron_hammer":2,"minecraft:oak_sign":1,"minecraft:shears":1,"create:weathered_limestone_cobblestone":66,"minecraft:lily_of_the_valley":1,"minecraft:diamond_sword":4,"quark:smooth_basalt":1,"minecraft:potato":7,"minecraft:orange_terracotta":2,"minecraft:iron_chestplate":1,"minecraft:diamond_pickaxe":3,"minecraft:oak_sapling":2,"minecraft:spider_eye":2,"minecraft:sandstone":21,"minecraft:bow":2,"minecraft:wooden_pickaxe":1,"minecraft:light_blue_terracotta":4,"mineminenomi:belly_pouch":8},"minecraft:custom":{"lootr:looted_stat":217,"minecraft:interact_with_crafting_table":63,"minecraft:eat_cake_slice":50,"minecraft:leave_game":14,"minecraft:time_since_death":32230,"minecraft:damage_resisted":1540,"minecraft:sprint_one_cm":3338175,"minecraft:damage_blocked_by_shield":40,"minecraft:drop":306,"minecraft:talked_to_villager":2,"minecraft:deaths":75,"minecraft:jump":8219,"minecraft:walk_on_water_one_cm":248674,"minecraft:interact_with_furnace":98,"minecraft:play_one_minute":701450,"minecraft:sleep_in_bed":9,"minecraft:damage_dealt":67844,"minecraft:crouch_one_cm":13113,"minecraft:interact_with_smithing_table":3,"minecraft:interact_with_anvil":11,"minecraft:mob_kills":678,"minecraft:climb_one_cm":24761,"minecraft:walk_one_cm":3850817,"minecraft:sneak_time":3040,"minecraft:walk_under_water_one_cm":139581,"minecraft:boat_one_cm":130428,"minecraft:time_since_rest":32338,"minecraft:damage_absorbed":213,"minecraft:damage_taken":42977,"minecraft:swim_one_cm":152191,"minecraft:fly_one_cm":3117282,"minecraft:open_chest":31,"minecraft:fall_one_cm":404695},"minecraft:crafted":{"minecraft:oak_planks":164,"easy_hammers:iron_hammer":5,"minecraft:glass":7,"minecraft:diamond_leggings":1,"minecraft:diamond_helmet":2,"minecraft:iron_boots":1,"minecraft:cooked_porkchop":38,"minecraft:crafting_table":8,"minecraft:spruce_planks":24,"travelersbackpack:standard":1,"minecraft:iron_helmet":1,"minecraft:iron_chestplate":1,"minecraft:diamond_pickaxe":1,"minecraft:shield":2,"minecraft:stick":112,"quark:oak_chest":1,"minecraft:iron_ingot":23,"minecraft:iron_pickaxe":2,"minecraft:gold_ingot":20,"minecraft:shears":2,"mineminenomi:key":7,"minecraft:furnace":6,"betterendforge:iron_hammer":1,"travelersbackpack:white_sleeping_bag":1,"minecraft:iron_axe":2,"quark:cobblestone_bricks":8,"travelersbackpack:gold":1,"mineminenomi:bullet":224,"minecraft:diamond_boots":1,"minecraft:cooked_beef":5,"easy_hammers:diamond_hammer":1,"minecraft:diamond_sword":2,"travelersbackpack:backpack_tank":2,"mineminenomi:pipe":1,"minecraft:bucket":1,"minecraft:air":0,"minecraft:oak_boat":1,"minecraft:iron_leggings":1,"minecraft:torch":60,"minecraft:diamond_chestplate":1}},"DataVersion":2586}