{"stats":{"minecraft:killed":{"minecraft:cave_spider":2,"alexsmobs:lobster":1,"minecraft:witch":5,"minecraft:spider":13,"mineminenomi:wanted_poster_package":7,"minecraft:cod":3,"tconstruct:sky_slime":6,"minecraft:skeleton":29,"minecraft:chicken":12,"minecraft:magma_cube":1,"minecraft:pig":10,"alexsmobs:grizzly_bear":2,"minecraft:zombie_villager":1,"minecraft:salmon":1,"mineminenomi:den_den_mushi":1,"minecraft:creeper":3,"minecraft:sheep":12,"minecraft:pillager":8,"minecraft:zombie":47,"mineminenomi:bandit_grunt":76,"minecraft:cow":8,"minecraft:vindicator":2,"alexsmobs:rattlesnake":1,"minecraft:phantom":3,"mineminenomi:bandit_brute":6,"mineminenomi:marine_sniper":6,"minecraft:drowned":1,"mineminenomi:bandit_sniper":1,"mineminenomi:marine_brute":18,"mineminenomi:pirate_grunt":90,"minecraft:husk":3,"alexsmobs:guster":1,"mineminenomi:marine_captain":5,"mineminenomi:marine_grunt":271,"mineminenomi:pirate_brute":1,"alexsmobs:crow":1,"minecraft:enderman":3},"minecraft:broken":{"minecraft:iron_boots":1,"minecraft:iron_leggings":1,"minecraft:shield":1,"minecraft:iron_helmet":3},"minecraft:killed_by":{"mineminenomi:bandit_brute":1,"mineminenomi:pirate_brute":7,"mineminenomi:pirate_captain":4,"mineminenomi:marine_brute":14,"mineminenomi:marine_captain":45,"minecraft:vindicator":1,"mineminenomi:swordsman_trainer":1,"minecraft:witch":1,"minecraft:zombie":4,"mineminenomi:marine_sniper":10,"mineminenomi:bandit_sniper":1,"mineminenomi:marine_grunt":8,"mineminenomi:pirate_grunt":5,"mineminenomi:bandit_grunt":3},"minecraft:used":{"minecraft:blue_terracotta":6,"quark:cobbled_deepslate":14,"minecraft:ladder":1,"minecraft:oak_sign":1,"minecraft:chest":1,"minecraft:shield":162,"lootr:trophy":2,"mineminenomi:magu_magu_no_mi":1,"mineminenomi:wara_wara_no_mi":1,"minecraft:jungle_planks":57,"minecraft:allium":1,"minecraft:stripped_spruce_log":2,"travelersbackpack:emerald":8,"minecraft:quartz_slab":2,"minecraft:grass_block":1,"betterendforge:diamond_hammer":1335,"mineminenomi:mace":10,"minecraft:item_frame":1,"carryon:tile_item":1,"minecraft:golden_sword":5,"minecraft:brown_carpet":3,"minecraft:bow":5,"minecraft:hay_block":1,"minecraft:furnace":3,"minecraft:dark_prismarine_stairs":2,"minecraft:mossy_stone_bricks":2,"mineminenomi:handcuffs":1,"minecraft:oak_planks":1,"minecraft:diamond_axe":152,"minecraft:prismarine":1,"minecraft:sandstone":30,"minecraft:ender_pearl":1,"minecraft:cookie":42,"minecraft:white_wool":2,"minecraft:sand":4,"mineminenomi:warabide_sword":10,"mineminenomi:tangerine":46,"easy_hammers:diamond_hammer":85,"minecraft:light_gray_concrete":1,"minecraft:stone_button":3,"minecraft:bread":455,"mineminenomi:wanted_poster_package":14,"minecraft:polished_andesite_slab":1,"minecraft:diamond_sword":3,"croptopia:toast":2,"minecraft:smithing_table":1,"minecraft:cooked_rabbit":10,"minecraft:andesite":12,"minecraft:iron_bars":2,"minecraft:light_blue_terracotta":31,"minecraft:spruce_planks":98,"minecraft:cooked_salmon":5,"minecraft:cooked_chicken":5,"farmersdelight:rich_soil":4,"minecraft:torch":18,"minecraft:dirt":118,"minecraft:anvil":4,"minecraft:cobblestone_wall":6,"minecraft:spruce_stairs":2,"minecraft:iron_hoe":16,"minecraft:chipped_anvil":4,"easy_hammers:iron_hammer":228,"minecraft:smooth_quartz":5,"mineminenomi:senriku":629,"tconstruct:sky_slime_bucket":4,"minecraft:cooked_beef":45,"minecraft:orange_terracotta":1,"create:copper_ore":4,"minecraft:beetroot_soup":3,"minecraft:cooked_mutton":3,"minecraft:water_bucket":107,"minecraft:polished_andesite":2,"mineminenomi:flintlock":338,"minecraft:cut_sandstone":10,"minecraft:crafting_table":7,"minecraft:red_bed":1,"minecraft:cod":2,"minecraft:cake":1,"minecraft:dark_prismarine":4,"minecraft:diamond_pickaxe":6,"minecraft:apple":19,"mineminenomi:wanted_poster":23,"minecraft:iron_pickaxe":121,"minecraft:map":1,"minecraft:jungle_stairs":1,"minecraft:cyan_concrete":17,"mineminenomi:deka_deka_no_mi":1,"mineminenomi:bottle_of_rum":1,"minecraft:cobblestone":487,"mineminenomi:beta_beta_no_mi":1,"minecraft:cooked_porkchop":2,"minecraft:bucket":117,"alexsmobs:animal_dictionary":1,"minecraft:birch_stairs":1},"minecraft:dropped":{"mineminenomi:flintlock":3,"minecraft:brown_mushroom":2,"minecraft:porkchop":2,"minecraft:lapis_lazuli":9,"minecraft:oak_log":3,"mineminenomi:cannon_ball":8,"minecraft:diamond":2,"mineminenomi:bullet":11,"minecraft:dark_oak_sapling":1,"minecraft:dark_oak_slab":2,"minecraft:lantern":10,"minecraft:leather":3,"minecraft:jungle_planks":7,"travelersbackpack:iron_tier_upgrade":1,"minecraft:cracked_stone_bricks":2,"minecraft:leather_helmet":1,"minecraft:red_mushroom":1,"paraglider:spirit_orb":3,"minecraft:cod":2,"minecraft:dirt":14,"minecraft:red_bed":1,"tconstruct:materials_and_you":1,"minecraft:stone_button":1,"minecraft:mutton":7,"minecraft:cooked_cod":1,"quark:cobbled_deepslate":67,"gravestone:obituary":159,"minecraft:gold_nugget":16,"minecraft:phantom_membrane":4,"tconstruct:sky_slime_ball":3,"minecraft:sugar":1,"minecraft:iron_pickaxe":1,"minecraft:white_wool":7,"minecraft:gold_ingot":21,"minecraft:bone":21,"minecraft:oak_door":2,"quark:tallow":22,"minecraft:compass":1,"quark:root_item":1,"mineminenomi:sake_cup":1,"minecraft:lever":1,"minecraft:iron_nugget":5,"alexsmobs:animal_dictionary":1,"minecraft:andesite_slab":18,"minecraft:wheat":1,"mineminenomi:den_den_mushi":3,"minecraft:beetroot":1,"minecraft:rotten_flesh":25,"mineminenomi:medic_bag":1,"minecraft:oak_planks":28,"minecraft:glowstone_dust":2,"minecraft:prismarine":11,"mineminenomi:cannon":1,"minecraft:cooked_mutton":1,"minecraft:azure_bluet":1,"mineminenomi:mace":2,"minecraft:carrot":1,"minecraft:chiseled_stone_bricks":2,"minecraft:poppy":1,"quark:blue_shard":4,"minecraft:leather_chestplate":1,"minecraft:gunpowder":66,"minecraft:jungle_stairs":1,"minecraft:beetroot_seeds":3,"minecraft:quartz_block":14,"minecraft:leather_boots":1,"minecraft:leather_leggings":1,"minecraft:iron_ore":7,"minecraft:iron_bars":8,"minecraft:arrow":30,"minecraft:cyan_concrete":8,"minecraft:stone_brick_stairs":1,"mineminenomi:challenge_poster":8,"mineminenomi:bottle_of_rum":2,"minecraft:iron_ingot":2,"minecraft:bread":33,"minecraft:wheat_seeds":12,"minecraft:lilac":2,"minecraft:mossy_cobblestone":1,"minecraft:diamond_leggings":1,"minecraft:iron_helmet":6,"xercamusic:god":1,"minecraft:oak_fence":1,"minecraft:feather":14,"minecraft:cobblestone":26,"minecraft:book":33,"minecraft:andesite_wall":1,"minecraft:apple":17,"minecraft:coal":3,"minecraft:polished_andesite":3,"minecraft:cobweb":9,"minecraft:gray_wool":1,"minecraft:torch":1,"mineminenomi:straw_doll":5,"minecraft:smooth_quartz":7,"travelersbackpack:blank_upgrade":1,"minecraft:iron_leggings":2,"minecraft:dead_bush":3,"minecraft:music_disc_ward":1,"betterendforge:diamond_hammer":3,"mineminenomi:kairoseki_bullet":32,"minecraft:smooth_stone":1,"minecraft:string":15,"minecraft:blue_carpet":5,"minecraft:stone_brick_slab":1,"minecraft:redstone":8,"minecraft:blue_terracotta":12,"minecraft:dark_prismarine_stairs":7,"minecraft:chiseled_quartz_block":3,"minecraft:bowl":4,"tconstruct:skyroot_log":1,"minecraft:chicken":6,"minecraft:white_carpet":3,"minecraft:clay_ball":12,"minecraft:iron_boots":3,"minecraft:light_gray_concrete":9,"easy_hammers:iron_hammer":1,"minecraft:oak_sign":5,"minecraft:spruce_fence":4,"alexsmobs:bear_fur":3,"minecraft:filled_map":2,"minecraft:diamond_sword":1,"minecraft:potato":21,"minecraft:cobblestone_slab":2,"minecraft:shield":2,"minecraft:flower_pot":1,"minecraft:allium":1,"minecraft:diamond_chestplate":2,"minecraft:spruce_planks":4,"minecraft:iron_chestplate":3,"minecraft:mossy_stone_bricks":3,"minecraft:golden_sword":1,"minecraft:spider_eye":3,"minecraft:stone_pressure_plate":5,"minecraft:stone_bricks":17,"minecraft:diamond_boots":1,"minecraft:bow":1,"minecraft:light_blue_terracotta":13,"minecraft:stripped_spruce_wood":2,"minecraft:dark_prismarine":1,"mineminenomi:wanted_poster":20,"mineminenomi:belly_pouch":1,"minecraft:quartz_slab":2,"minecraft:terracotta":4},"minecraft:picked_up":{"minecraft:iron_chestplate":2,"minecraft:wheat":1,"minecraft:anvil":3,"minecraft:flower_pot":1,"minecraft:smithing_table":1,"minecraft:diamond_sword":1,"xercamusic:god":1,"mineminenomi:senriku":1,"minecraft:stone_brick_stairs":1,"travelersbackpack:emerald":1,"minecraft:string":17,"minecraft:cooked_salmon":5,"minecraft:iron_leggings":3,"minecraft:oak_sign":6,"minecraft:beetroot":1,"minecraft:smooth_stone":1,"minecraft:spruce_planks":20,"minecraft:cobblestone_slab":2,"minecraft:iron_pickaxe":2,"quark:root_item":1,"mineminenomi:bottle_of_rum":2,"minecraft:smooth_quartz":12,"minecraft:iron_boots":3,"minecraft:furnace":1,"minecraft:tipped_arrow":3,"minecraft:spruce_pressure_plate":2,"minecraft:stick":5,"minecraft:oak_fence":1,"minecraft:torch":20,"minecraft:spruce_stairs":8,"minecraft:porkchop":12,"minecraft:brown_carpet":5,"mineminenomi:den_den_mushi":2,"minecraft:andesite_wall":1,"minecraft:quartz_block":14,"mineminenomi:medic_bag":2,"minecraft:honey_bottle":4,"minecraft:rotten_flesh":25,"minecraft:music_disc_ward":1,"quark:marble":5,"minecraft:iron_bars":10,"minecraft:cod":6,"alexsmobs:lobster_tail":1,"minecraft:cobblestone":698,"paraglider:paraglider":1,"mineminenomi:flame_dial":1,"mineminenomi:key":1,"minecraft:feather":14,"minecraft:lilac":2,"minecraft:cooked_beef":33,"minecraft:andesite":12,"minecraft:water_bucket":1,"mineminenomi:tangerine":41,"minecraft:jungle_log":2,"minecraft:chiseled_quartz_block":8,"minecraft:potato":4,"alexsmobs:bear_fur":3,"paraglider:spirit_orb":36,"minecraft:stripped_spruce_wood":3,"mineminenomi:belly_pouch":161,"travelersbackpack:gold_tier_upgrade":1,"minecraft:lapis_lazuli":70,"minecraft:dirt":136,"minecraft:lantern":16,"lootr:trophy":1,"minecraft:bone":26,"minecraft:chipped_anvil":5,"create:copper_ore":6,"minecraft:wheat_seeds":16,"magicaljewelry:gold_ring":2,"minecraft:mossy_stone_bricks":5,"minecraft:diamond_helmet":1,"minecraft:glowstone_dust":2,"croptopia:roe":4,"minecraft:cyan_concrete":30,"minecraft:prismarine":12,"minecraft:oak_planks":5,"minecraft:cooked_porkchop":3,"mineminenomi:mace":1,"minecraft:sand":47,"minecraft:jungle_planks":125,"minecraft:stripped_spruce_log":21,"minecraft:dead_bush":2,"minecraft:grass_block":1,"minecraft:chiseled_sandstone":2,"minecraft:mossy_cobblestone":1,"minecraft:dark_prismarine":13,"quark:cobbled_deepslate":84,"minecraft:light_gray_concrete":10,"minecraft:polished_andesite":5,"minecraft:light_blue_terracotta":55,"minecraft:blue_terracotta":18,"minecraft:sugar":1,"minecraft:diamond":39,"minecraft:lever":1,"minecraft:golden_apple":1,"minecraft:emerald":1,"minecraft:bread":63,"minecraft:netherrack":2,"minecraft:bricks":1,"minecraft:andesite_slab":46,"croptopia:toast":2,"mineminenomi:cannon_ball":9,"minecraft:crafting_table":5,"minecraft:allium":2,"minecraft:azure_bluet":1,"minecraft:chicken":6,"minecraft:ladder":3,"minecraft:clay_ball":12,"minecraft:brown_mushroom":2,"tconstruct:skyroot_log":1,"minecraft:cooked_rabbit":10,"gravestone:obituary":51,"minecraft:shield":4,"mineminenomi:cannon":1,"minecraft:cornflower":1,"minecraft:red_bed":2,"minecraft:item_frame":1,"minecraft:quartz_slab":4,"minecraft:white_carpet":3,"minecraft:cracked_stone_bricks":2,"mineminenomi:kairoseki_bullet":13,"minecraft:dark_prismarine_stairs":9,"minecraft:beef":27,"minecraft:andesite_stairs":3,"minecraft:poppy":1,"minecraft:phantom_membrane":5,"minecraft:dark_oak_sapling":1,"minecraft:sandstone":35,"minecraft:oak_door":3,"minecraft:bowl":1,"minecraft:spruce_fence":6,"easy_hammers:diamond_hammer":1,"mineminenomi:wanted_poster":44,"minecraft:stone_button":4,"minecraft:cookie":26,"minecraft:carrot":12,"minecraft:trident":1,"minecraft:redstone":2,"minecraft:iron_horse_armor":3,"minecraft:blue_carpet":5,"minecraft:stone_pressure_plate":6,"botania:black_lotus":1,"minecraft:tnt":10,"tconstruct:sky_slime_ball":3,"minecraft:arrow":21,"minecraft:diamond_chestplate":1,"minecraft:cooked_cod":2,"minecraft:beetroot_seeds":3,"minecraft:jungle_stairs":2,"minecraft:diamond_boots":1,"minecraft:hay_block":96,"minecraft:stripped_dark_oak_wood":4,"minecraft:gold_ingot":5,"minecraft:mutton":18,"minecraft:white_wool":12,"mineminenomi:challenge_poster":24,"farmersdelight:rich_soil":4,"minecraft:leather":11,"mineminenomi:straw_doll":2,"minecraft:cut_sandstone":21,"minecraft:red_mushroom":1,"minecraft:mushroom_stew":9,"quark:blue_shard":4,"minecraft:oak_log":6,"minecraft:cobblestone_wall":11,"minecraft:gunpowder":220,"easy_hammers:iron_hammer":1,"minecraft:orange_terracotta":3,"minecraft:cooked_mutton":6,"betterendforge:diamond_hammer":4,"minecraft:apple":23,"minecraft:stone_bricks":22,"minecraft:cobweb":9,"minecraft:iron_ingot":104,"minecraft:cooked_chicken":5,"quark:tallow":22,"minecraft:iron_ore":27,"minecraft:polished_andesite_slab":1,"travelersbackpack:blank_upgrade":1,"mineminenomi:flintlock":1,"minecraft:book":33,"minecraft:scaffolding":3,"mineminenomi:bullet":527,"minecraft:dark_oak_slab":2,"tconstruct:copper_ore":1,"minecraft:chiseled_stone_bricks":2,"minecraft:stone_brick_slab":1,"minecraft:gravel":3,"minecraft:birch_stairs":1,"minecraft:spruce_log":2,"minecraft:gold_ore":3,"minecraft:spruce_door":1,"minecraft:spider_eye":3,"minecraft:oak_wood":2,"mineminenomi:sake_cup":1,"minecraft:iron_helmet":5,"minecraft:diamond_axe":1,"minecraft:gray_wool":1,"minecraft:terracotta":4,"minecraft:coal":46,"minecraft:ender_pearl":1},"minecraft:mined":{"minecraft:dark_prismarine_stairs":10,"minecraft:spruce_planks":2,"farmersdelight:rich_soil":4,"minecraft:stone_pressure_plate":2,"minecraft:andesite_stairs":1,"minecraft:grass_block":23,"minecraft:jungle_log":3,"mineminenomi:sponge_cake":2,"minecraft:spawner":18,"mineminenomi:wanted_poster_package":16,"minecraft:iron_ore":16,"minecraft:fire":43,"create:copper_ore":3,"minecraft:anvil":3,"minecraft:stripped_dark_oak_wood":4,"minecraft:azure_bluet":1,"minecraft:iron_bars":5,"minecraft:spruce_pressure_plate":3,"minecraft:light_gray_concrete":3,"tconstruct:sky_slime_fern":1,"minecraft:blue_orchid":1,"minecraft:cut_sandstone":4,"minecraft:brown_mushroom":1,"minecraft:red_bed":1,"minecraft:orange_terracotta":2,"minecraft:clay":3,"minecraft:blue_stained_glass":1,"minecraft:chiseled_quartz_block":1,"mineminenomi:flame_dial":1,"minecraft:jungle_stairs":2,"minecraft:poppy":1,"minecraft:white_stained_glass_pane":4,"minecraft:cobblestone":12,"minecraft:oak_planks":7,"minecraft:prismarine":2,"minecraft:bricks":2,"minecraft:wall_torch":5,"minecraft:light_blue_terracotta":39,"minecraft:seagrass":3,"minecraft:blue_terracotta":11,"minecraft:dark_oak_slab":1,"lootr:trophy":1,"quark:marble":1,"minecraft:wheat":1,"minecraft:lilac":1,"minecraft:tnt":10,"minecraft:grass":65,"minecraft:oak_log":1,"minecraft:beetroots":1,"minecraft:dirt":84,"minecraft:sand":30,"minecraft:smooth_quartz":3,"minecraft:netherrack":21,"minecraft:oak_leaves":6,"minecraft:dark_prismarine":9,"minecraft:diamond_ore":15,"minecraft:dark_oak_leaves":4,"farmersdelight:wild_carrots":7,"gravestone:gravestone":104,"minecraft:ladder":1,"minecraft:spruce_fence":5,"minecraft:jungle_planks":103,"minecraft:polished_andesite_slab":2,"minecraft:spruce_leaves":5,"minecraft:sandstone":13,"minecraft:hay_block":96,"minecraft:large_fern":9,"minecraft:furnace":1,"minecraft:stripped_spruce_log":9,"minecraft:andesite":2,"minecraft:bookshelf":13,"minecraft:cyan_concrete":22,"minecraft:lantern":1,"minecraft:stone":103,"minecraft:white_wool":5,"minecraft:podzol":3,"minecraft:smithing_table":1,"minecraft:birch_stairs":1,"minecraft:scaffolding":1,"minecraft:infested_stone_bricks":2,"minecraft:brown_carpet":1,"minecraft:stone_brick_slab":1,"minecraft:spruce_door":1,"ba_bt:bt_land_spawner":2,"minecraft:oak_fence":1,"minecraft:crafting_table":5,"minecraft:cornflower":1,"minecraft:oak_wood":2,"minecraft:rose_bush":1,"minecraft:andesite_slab":1,"minecraft:tall_grass":18,"minecraft:lapis_ore":8,"minecraft:blue_bed":1,"minecraft:spruce_stairs":4,"minecraft:cobblestone_wall":3,"minecraft:stripped_spruce_wood":3,"minecraft:spruce_log":2,"tconstruct:skyroot_log":1,"quark:deepslate":17,"minecraft:coal_ore":17,"quark:monster_box":1,"minecraft:gravel":3,"minecraft:cracked_stone_bricks":1,"minecraft:terracotta":4,"minecraft:polished_andesite":2,"minecraft:stone_bricks":2,"minecraft:mossy_stone_bricks":1,"minecraft:chipped_anvil":5,"minecraft:fern":1,"quark:root":1},"minecraft:custom":{"lootr:looted_stat":310,"minecraft:interact_with_crafting_table":49,"minecraft:open_barrel":2,"minecraft:eat_cake_slice":30,"minecraft:leave_game":16,"minecraft:time_since_death":42755,"minecraft:sprint_one_cm":4338847,"minecraft:damage_blocked_by_shield":360,"minecraft:drop":678,"minecraft:talked_to_villager":7,"minecraft:deaths":111,"minecraft:jump":18146,"minecraft:walk_on_water_one_cm":217042,"minecraft:interact_with_furnace":47,"minecraft:interact_with_cartography_table":1,"minecraft:play_one_minute":761818,"minecraft:sleep_in_bed":14,"minecraft:waystone_activated":11,"minecraft:damage_dealt":100860,"minecraft:player_kills":1,"minecraft:crouch_one_cm":243070,"minecraft:interact_with_smithing_table":3,"minecraft:interact_with_anvil":18,"minecraft:mob_kills":715,"minecraft:interact_with_campfire":2,"minecraft:climb_one_cm":67525,"minecraft:walk_one_cm":3025953,"minecraft:target_hit":2,"minecraft:sneak_time":24136,"minecraft:walk_under_water_one_cm":63294,"minecraft:interact_with_blast_furnace":1,"minecraft:time_since_rest":42783,"minecraft:damage_taken":64302,"minecraft:swim_one_cm":240700,"minecraft:fly_one_cm":8279510,"minecraft:open_chest":48,"minecraft:fall_one_cm":706929},"minecraft:crafted":{"minecraft:oak_planks":20,"easy_hammers:iron_hammer":1,"betterendforge:diamond_hammer":1,"minecraft:glass":29,"minecraft:diamond_leggings":1,"minecraft:diamond_helmet":1,"minecraft:iron_boots":2,"croptopia:flour":39,"minecraft:chest":1,"travelersbackpack:iron_tier_upgrade":1,"minecraft:diamond_axe":1,"minecraft:crafting_table":3,"minecraft:spruce_planks":120,"travelersbackpack:standard":1,"minecraft:iron_helmet":2,"minecraft:smithing_table":1,"travelersbackpack:emerald":2,"minecraft:iron_chestplate":1,"minecraft:diamond_pickaxe":1,"minecraft:shield":1,"minecraft:stick":24,"quark:oak_chest":1,"minecraft:iron_ingot":17,"minecraft:iron_pickaxe":1,"minecraft:iron_block":3,"minecraft:gold_ingot":29,"mineminenomi:key":5,"quark:jungle_chest":1,"minecraft:furnace":3,"travelersbackpack:blank_upgrade":4,"travelersbackpack:white_sleeping_bag":1,"minecraft:iron_hoe":1,"mineminenomi:bullet":200,"minecraft:diamond_boots":1,"travelersbackpack:diamond_tier_upgrade":1,"minecraft:wheat":846,"easy_hammers:diamond_hammer":1,"minecraft:diamond_sword":1,"travelersbackpack:backpack_tank":4,"minecraft:bucket":2,"minecraft:air":0,"minecraft:bread":260,"minecraft:jungle_planks":8,"minecraft:iron_leggings":2,"minecraft:anvil":1,"minecraft:diamond_chestplate":2}},"DataVersion":2586}