{"stats":{"minecraft:killed_by":{"mineminenomi:marine_grunt":2},"minecraft:picked_up":{"mineminenomi:bullet":4,"minecraft:wheat_seeds":1},"minecraft:custom":{"minecraft:jump":39,"minecraft:time_since_rest":1295,"lootr:looted_stat":2,"minecraft:play_one_minute":2236,"minecraft:walk_on_water_one_cm":3890,"minecraft:sprint_one_cm":11046,"minecraft:deaths":2,"minecraft:damage_taken":730,"minecraft:time_since_death":1257,"minecraft:walk_one_cm":5831,"minecraft:walk_under_water_one_cm":108,"minecraft:fall_one_cm":1846,"minecraft:fly_one_cm":8929}},"DataVersion":2586}