{"stats":{"minecraft:killed":{"minecraft:cave_spider":18,"minecraft:witch":13,"minecraft:spider":9,"mineminenomi:wanted_poster_package":4,"quark:forgotten":1,"minecraft:skeleton":57,"minecraft:silverfish":15,"alexsmobs:centipede_head":2,"minecraft:magma_cube":1,"mineminenomi:den_den_mushi":1,"minecraft:creeper":9,"minecraft:sheep":6,"minecraft:pillager":42,"minecraft:zombie":84,"mineminenomi:bandit_grunt":71,"minecraft:cow":19,"alexsmobs:tarantula_hawk":1,"minecraft:vindicator":8,"minecraft:phantom":1,"mineminenomi:bandit_brute":4,"mineminenomi:marine_sniper":7,"minecraft:drowned":1,"mineminenomi:bandit_sniper":1,"mineminenomi:marine_brute":16,"mineminenomi:pirate_grunt":58,"minecraft:husk":1,"mineminenomi:marine_grunt":183,"alexsmobs:elephant":2,"mineminenomi:pirate_brute":2,"mineminenomi:sea_cow":1},"minecraft:killed_by":{"mineminenomi:pirate_captain":5,"mineminenomi:marine_brute":12,"mineminenomi:marine_captain":24,"minecraft:silverfish":1,"mineminenomi:marine_sniper":8,"minecraft:player":1,"mineminenomi:marine_grunt":3,"mineminenomi:pirate_grunt":1,"mineminenomi:bandit_grunt":2},"minecraft:broken":{"magicaljewelry:gold_ring":1,"minecraft:stone_pickaxe":1,"easy_hammers:iron_hammer":1,"mineminenomi:sake_bottle":1,"minecraft:iron_helmet":1},"minecraft:used":{"minecraft:blue_terracotta":4,"quark:cobbled_deepslate":139,"minecraft:oak_sign":2,"minecraft:shield":58,"minecraft:iron_sword":66,"travelersbackpack:diamond":5,"mineminenomi:kuku_kuku_no_mi":1,"minecraft:jungle_planks":16,"minecraft:stripped_spruce_log":9,"minecraft:honey_bottle":4,"minecraft:spruce_wood":4,"minecraft:lantern":3,"minecraft:blue_orchid":1,"mineminenomi:broadsword":137,"minecraft:item_frame":2,"minecraft:bow":8,"minecraft:furnace":8,"minecraft:cooked_cod":42,"minecraft:potato":13,"minecraft:spruce_door":5,"minecraft:stone_pickaxe":131,"minecraft:wooden_pickaxe":8,"minecraft:blue_bed":4,"minecraft:diamond_axe":265,"minecraft:golden_apple":4,"minecraft:sand":1,"easy_hammers:diamond_hammer":373,"minecraft:bread":79,"mineminenomi:wanted_poster_package":10,"mineminenomi:mogu_mogu_no_mi":1,"minecraft:diamond_sword":1759,"minecraft:smithing_table":1,"minecraft:cooked_rabbit":29,"minecraft:oak_boat":2,"minecraft:cobweb":3,"minecraft:experience_bottle":102,"minecraft:oak_fence":1,"minecraft:enchanting_table":1,"minecraft:light_blue_terracotta":4,"minecraft:cooked_salmon":7,"quark:spruce_bookshelf":6,"minecraft:cooked_chicken":34,"minecraft:sandstone_wall":1,"minecraft:oak_door":3,"minecraft:torch":257,"minecraft:dirt":76,"minecraft:anvil":1,"minecraft:white_carpet":1,"minecraft:spruce_stairs":2,"minecraft:bookshelf":13,"minecraft:iron_axe":30,"quark:jungle_bookshelf":2,"easy_hammers:iron_hammer":254,"mineminenomi:senriku":192,"mineminenomi:karu_karu_no_mi":1,"minecraft:infested_cobblestone":22,"minecraft:cooked_beef":26,"minecraft:cooked_mutton":115,"minecraft:water_bucket":102,"minecraft:iron_ore":1,"mineminenomi:flintlock":40,"minecraft:crafting_table":10,"minecraft:white_bed":1,"minecraft:infested_stone_bricks":23,"minecraft:cake":1,"minecraft:black_wool":1,"minecraft:diamond_pickaxe":229,"minecraft:apple":1,"minecraft:diamond_shovel":84,"mineminenomi:wanted_poster":24,"minecraft:iron_pickaxe":208,"minecraft:suspicious_stew":2,"mineminenomi:mini_mini_no_mi":1,"quark:root_item":5,"minecraft:blue_carpet":1,"minecraft:green_carpet":2,"minecraft:fishing_rod":15,"minecraft:cobblestone":366,"minecraft:cooked_porkchop":33,"minecraft:bucket":105},"minecraft:dropped":{"mineminenomi:flintlock":4,"minecraft:dark_oak_stairs":1,"minecraft:porkchop":12,"minecraft:lapis_lazuli":18,"minecraft:cooked_beef":65,"minecraft:oak_log":2,"mineminenomi:cannon_ball":9,"minecraft:glass_bottle":4,"minecraft:diamond":22,"mineminenomi:bullet":151,"minecraft:cooked_porkchop":2,"quark:marble":4,"minecraft:crossbow":1,"minecraft:orange_tulip":1,"minecraft:lantern":8,"minecraft:jungle_planks":5,"minecraft:iron_horse_armor":1,"minecraft:saddle":1,"minecraft:quartz_pillar":3,"travelersbackpack:standard":1,"farmersdelight:rice":1,"minecraft:cod":1,"minecraft:item_frame":1,"minecraft:emerald":3,"minecraft:dirt":54,"minecraft:grass":72,"tconstruct:materials_and_you":2,"minecraft:dark_oak_fence":1,"minecraft:mutton":1,"minecraft:cooked_cod":7,"minecraft:cut_sandstone":9,"quark:cobbled_deepslate":1069,"gravestone:obituary":44,"minecraft:gold_nugget":6,"minecraft:pumpkin_pie":1,"minecraft:bone_block":73,"minecraft:iron_pickaxe":1,"minecraft:dark_oak_planks":1,"minecraft:birch_log":1,"minecraft:bone":49,"minecraft:gold_ingot":1,"minecraft:oak_door":3,"alexsmobs:centipede_leg":2,"minecraft:sugar_cane":5,"quark:root_item":12,"mineminenomi:sake_cup":2,"mineminenomi:spear":1,"alexsmobs:animal_dictionary":2,"minecraft:birch_sapling":1,"mineminenomi:katana":1,"minecraft:black_terracotta":1,"minecraft:rotten_flesh":59,"mineminenomi:medic_bag":1,"minecraft:oak_planks":22,"minecraft:glowstone_dust":4,"minecraft:prismarine":24,"quark:monster_box":1,"mineminenomi:cannon":1,"minecraft:cooked_mutton":8,"minecraft:honey_bottle":4,"minecraft:infested_stone_bricks":23,"minecraft:carrot":2,"minecraft:sandstone_wall":1,"minecraft:poppy":1,"minecraft:gunpowder":175,"create:scoria":15,"minecraft:leather_boots":1,"minecraft:spruce_wood":1,"create:zinc_ore":3,"minecraft:spruce_slab":9,"minecraft:iron_ore":32,"minecraft:arrow":24,"minecraft:cyan_concrete":29,"minecraft:glass":5,"minecraft:beef":31,"minecraft:infested_cobblestone":3,"mineminenomi:challenge_poster":3,"mineminenomi:zou_zou_no_mi":1,"mineminenomi:bottle_of_rum":3,"easy_hammers:diamond_hammer":1,"minecraft:iron_ingot":241,"minecraft:bread":69,"minecraft:purple_terracotta":4,"minecraft:wheat_seeds":7,"minecraft:lilac":2,"minecraft:tnt":4,"mineminenomi:handcuffs":1,"minecraft:iron_helmet":3,"minecraft:cobblestone":558,"magicaljewelry:silver_amulet":1,"minecraft:granite":1,"minecraft:spruce_stairs":3,"minecraft:grass_block":31,"minecraft:coal":50,"minecraft:stick":33,"minecraft:cobweb":15,"quark:clear_shard":19,"minecraft:torch":5,"minecraft:smooth_quartz":1,"minecraft:rose_bush":4,"tconstruct:copper_ore":1,"minecraft:zombie_head":1,"travelersbackpack:blank_upgrade":1,"minecraft:iron_leggings":3,"mineminenomi:senriku":2,"minecraft:oak_stairs":3,"mineminenomi:cigarette":2,"minecraft:music_disc_ward":2,"minecraft:white_banner":1,"minecraft:iron_axe":1,"betterendforge:diamond_hammer":1,"minecraft:chipped_anvil":1,"minecraft:string":26,"minecraft:blue_carpet":1,"minecraft:spruce_sapling":8,"minecraft:redstone":13,"minecraft:blue_terracotta":4,"minecraft:anvil":1,"minecraft:creeper_head":2,"minecraft:sweet_berries":6,"minecraft:player_head":1,"minecraft:chiseled_quartz_block":2,"minecraft:bowl":1,"betterendforge:iron_hammer":1,"mineminenomi:cigar":3,"minecraft:tall_grass":10,"minecraft:iron_boots":3,"minecraft:light_gray_concrete":2,"easy_hammers:iron_hammer":1,"minecraft:oak_sign":1,"create:weathered_limestone_cobblestone":3,"minecraft:diamond_sword":5,"quark:smooth_basalt":16,"minecraft:potato":4,"minecraft:shield":3,"minecraft:flower_pot":1,"minecraft:spruce_planks":20,"minecraft:iron_chestplate":3,"minecraft:diamond_pickaxe":2,"minecraft:oak_sapling":4,"minecraft:infested_stone":30,"minecraft:spider_eye":9,"minecraft:bow":2,"minecraft:wooden_pickaxe":1,"minecraft:light_blue_terracotta":46,"minecraft:nautilus_shell":1,"minecraft:stripped_spruce_wood":1,"minecraft:cooked_rabbit":6,"mineminenomi:belly_pouch":30,"minecraft:terracotta":6},"minecraft:picked_up":{"minecraft:wheat":37,"minecraft:creeper_head":2,"minecraft:flower_pot":5,"minecraft:anvil":2,"minecraft:diamond_sword":5,"minecraft:oak_stairs":3,"minecraft:brown_bed":1,"minecraft:infested_stone":30,"minecraft:string":34,"minecraft:cooked_salmon":37,"travelersbackpack:diamond":1,"minecraft:armor_stand":1,"minecraft:experience_bottle":3,"minecraft:zombie_head":1,"minecraft:oak_sign":3,"minecraft:diamond_leggings":1,"minecraft:gold_nugget":6,"minecraft:spruce_planks":27,"minecraft:rose_bush":4,"mineminenomi:bottle_of_rum":3,"quark:root_item":17,"minecraft:smooth_quartz":1,"minecraft:stick":13,"minecraft:oak_fence":2,"minecraft:torch":15,"minecraft:acacia_log":1,"minecraft:spruce_stairs":5,"minecraft:porkchop":6,"minecraft:sandstone_wall":2,"alexsmobs:centipede_leg":4,"minecraft:brown_carpet":8,"mineminenomi:medic_bag":1,"minecraft:andesite_wall":1,"minecraft:honey_bottle":57,"quark:clear_shard":19,"minecraft:rotten_flesh":64,"create:scoria":15,"minecraft:music_disc_ward":2,"magicaljewelry:silver_amulet":2,"minecraft:end_rod":1,"minecraft:iron_bars":3,"minecraft:cod":3,"quark:marble":4,"minecraft:cobblestone":1172,"minecraft:nautilus_shell":1,"minecraft:birch_log":1,"minecraft:enchanting_table":2,"mineminenomi:key":1,"minecraft:lilac":2,"minecraft:chiseled_quartz_block":2,"minecraft:potato":14,"paraglider:spirit_orb":45,"minecraft:stripped_spruce_wood":1,"minecraft:map":1,"mineminenomi:belly_pouch":102,"minecraft:lapis_lazuli":30,"minecraft:dirt":152,"minecraft:lantern":11,"minecraft:name_tag":2,"minecraft:leather_boots":1,"minecraft:bone":82,"minecraft:chipped_anvil":1,"minecraft:wheat_seeds":10,"minecraft:bow":3,"minecraft:orange_tulip":1,"magicaljewelry:gold_ring":1,"minecraft:glowstone_dust":5,"minecraft:cyan_concrete":31,"minecraft:prismarine":35,"minecraft:oak_planks":34,"minecraft:black_terracotta":1,"minecraft:cooked_porkchop":44,"minecraft:sand":25,"minecraft:jungle_planks":45,"minecraft:stripped_spruce_log":33,"minecraft:dead_bush":4,"alexsmobs:animal_dictionary":1,"quark:cobbled_deepslate":1691,"minecraft:light_gray_concrete":2,"minecraft:blue_terracotta":9,"minecraft:light_blue_terracotta":61,"minecraft:diamond":38,"minecraft:crossbow":1,"minecraft:granite":1,"minecraft:emerald":6,"minecraft:bread":63,"minecraft:oak_sapling":8,"minecraft:dark_oak_fence":2,"minecraft:diamond_pickaxe":1,"mineminenomi:cannon_ball":14,"minecraft:crafting_table":1,"minecraft:clay_ball":12,"magicaljewelry:gold_bracelet":1,"tconstruct:materials_and_you":1,"minecraft:cooked_rabbit":46,"minecraft:infested_cobblestone":64,"gravestone:obituary":11,"minecraft:shield":1,"minecraft:item_frame":4,"minecraft:white_carpet":11,"minecraft:blue_orchid":1,"minecraft:cartography_table":1,"minecraft:beef":40,"minecraft:player_head":1,"mineminenomi:broadsword":2,"minecraft:chest":1,"minecraft:poppy":1,"minecraft:spruce_slab":9,"minecraft:sugar_cane":3,"minecraft:birch_sapling":1,"minecraft:oak_door":6,"minecraft:spruce_fence":12,"mineminenomi:wanted_poster":30,"minecraft:quartz_pillar":3,"minecraft:carrot":2,"minecraft:redstone":71,"minecraft:stone_pressure_plate":1,"minecraft:iron_horse_armor":1,"minecraft:blue_carpet":3,"minecraft:purple_terracotta":4,"minecraft:dark_oak_planks":1,"minecraft:tnt":6,"minecraft:arrow":57,"minecraft:diamond_chestplate":1,"minecraft:cooked_cod":57,"quark:smooth_basalt":16,"minecraft:diamond_boots":1,"minecraft:gold_ingot":21,"quark:monster_box":1,"minecraft:mutton":19,"minecraft:bone_block":75,"minecraft:white_wool":7,"mineminenomi:challenge_poster":13,"minecraft:salmon":1,"minecraft:leather":23,"minecraft:cut_sandstone":9,"create:weathered_limestone_cobblestone":6,"minecraft:oak_log":29,"minecraft:cobblestone_wall":1,"minecraft:gunpowder":15,"minecraft:blue_bed":4,"minecraft:white_banner":1,"quark:forgotten_hat":1,"minecraft:cooked_mutton":67,"betterendforge:diamond_hammer":1,"minecraft:apple":51,"minecraft:stone_bricks":5,"minecraft:spruce_wood":5,"minecraft:iron_ore":274,"minecraft:cooked_chicken":49,"minecraft:cobweb":24,"minecraft:glass_bottle":3,"mineminenomi:flintlock":1,"minecraft:dark_oak_stairs":1,"minecraft:book":145,"mineminenomi:bullet":375,"tconstruct:copper_ore":4,"minecraft:sweet_berries":4,"minecraft:stone_brick_slab":4,"minecraft:dandelion":1,"minecraft:spruce_sapling":3,"minecraft:spruce_door":2,"minecraft:spruce_log":21,"minecraft:gold_ore":87,"minecraft:spider_eye":9,"minecraft:green_carpet":10,"magicaljewelry:gold_amulet":1,"mineminenomi:cigarette":1,"minecraft:infested_stone_bricks":46,"minecraft:terracotta":6,"minecraft:black_wool":1,"minecraft:coal":266},"minecraft:mined":{"minecraft:dark_oak_planks":1,"minecraft:blue_carpet":1,"minecraft:spruce_planks":39,"minecraft:obsidian":2,"minecraft:potted_dead_bush":4,"minecraft:granite":1,"minecraft:acacia_log":1,"minecraft:grass_block":68,"minecraft:infested_cobblestone":7,"mineminenomi:sponge_cake":3,"minecraft:spawner":20,"minecraft:iron_ore":141,"mineminenomi:wanted_poster_package":8,"minecraft:fire":19,"create:copper_ore":1,"minecraft:anvil":1,"minecraft:brown_bed":1,"minecraft:enchanting_table":2,"minecraft:dark_oak_stairs":1,"minecraft:oak_stairs":3,"minecraft:iron_bars":3,"minecraft:spruce_wood":5,"minecraft:blue_orchid":2,"minecraft:spruce_slab":7,"lootr:lootr_chest":1,"minecraft:quartz_block":12,"minecraft:torch":1,"minecraft:poppy":1,"quark:jungle_bookshelf":1,"minecraft:dead_bush":1,"minecraft:white_stained_glass_pane":5,"minecraft:glass":6,"minecraft:cobblestone":36,"minecraft:sugar_cane":2,"minecraft:prismarine":7,"minecraft:bricks":3,"minecraft:wall_torch":3,"minecraft:light_blue_terracotta":41,"minecraft:blue_terracotta":4,"minecraft:lilac":2,"minecraft:orange_tulip":2,"minecraft:grass":62,"minecraft:oak_log":28,"minecraft:sand":28,"minecraft:dirt":51,"minecraft:sandstone_wall":1,"minecraft:oak_leaves":12,"create:zinc_ore":4,"minecraft:diamond_ore":21,"minecraft:oak_door":1,"quark:cobbled_deepslate":7,"minecraft:dark_oak_fence":1,"gravestone:gravestone":51,"minecraft:spruce_fence":11,"minecraft:jungle_planks":54,"minecraft:spruce_leaves":24,"minecraft:cartography_table":1,"minecraft:sandstone":4,"minecraft:large_fern":7,"minecraft:redstone_ore":4,"minecraft:furnace":1,"minecraft:stripped_spruce_log":45,"quark:smooth_basalt":4,"minecraft:bookshelf":33,"minecraft:cyan_concrete":9,"minecraft:stone":355,"minecraft:white_wool":2,"quark:glowcelium":1,"minecraft:scaffolding":1,"minecraft:infested_stone_bricks":1,"minecraft:brown_carpet":1,"minecraft:stone_brick_slab":4,"ba_bt:bt_land_spawner":3,"minecraft:spruce_door":2,"minecraft:oak_fence":2,"quark:spruce_bookshelf":1,"minecraft:crafting_table":1,"minecraft:rose_bush":7,"minecraft:tall_grass":15,"minecraft:lapis_ore":2,"minecraft:blue_bed":4,"minecraft:spruce_stairs":7,"minecraft:stripped_spruce_wood":1,"minecraft:sweet_berry_bush":3,"minecraft:spruce_log":21,"minecraft:birch_leaves":9,"quark:deepslate":331,"minecraft:coal_ore":89,"quark:monster_box":3,"minecraft:gravel":3,"minecraft:cobweb":3,"minecraft:terracotta":6,"minecraft:gold_ore":22,"minecraft:infested_stone":4,"quark:root":2},"minecraft:custom":{"lootr:looted_stat":256,"minecraft:animals_bred":1,"minecraft:interact_with_crafting_table":69,"minecraft:open_barrel":13,"minecraft:eat_cake_slice":29,"minecraft:leave_game":13,"minecraft:time_since_death":149383,"minecraft:damage_resisted":1692,"minecraft:sprint_one_cm":3659448,"minecraft:damage_blocked_by_shield":1197,"minecraft:drop":473,"minecraft:talked_to_villager":12,"minecraft:deaths":57,"minecraft:jump":8124,"minecraft:walk_on_water_one_cm":184376,"minecraft:enchant_item":3,"minecraft:interact_with_furnace":92,"minecraft:traded_with_villager":1,"minecraft:play_one_minute":764946,"minecraft:sleep_in_bed":9,"minecraft:waystone_activated":5,"minecraft:damage_dealt":139330,"minecraft:crouch_one_cm":62313,"minecraft:inspect_dispenser":1,"minecraft:interact_with_smithing_table":7,"minecraft:interact_with_anvil":12,"minecraft:mob_kills":665,"minecraft:climb_one_cm":56187,"minecraft:walk_one_cm":4641674,"minecraft:sneak_time":8953,"minecraft:walk_under_water_one_cm":48235,"minecraft:boat_one_cm":164865,"minecraft:interact_with_blast_furnace":3,"minecraft:time_since_rest":149422,"minecraft:damage_absorbed":162,"minecraft:damage_taken":42941,"minecraft:swim_one_cm":63961,"minecraft:fly_one_cm":2827677,"minecraft:open_chest":27,"minecraft:fish_caught":5,"minecraft:fall_one_cm":312036},"minecraft:crafted":{"minecraft:oak_planks":108,"easy_hammers:iron_hammer":1,"minecraft:diamond_shovel":1,"travelersbackpack:diamond":4,"minecraft:bookshelf":13,"minecraft:cooked_mutton":6,"minecraft:glass":29,"minecraft:bow":1,"minecraft:diamond_leggings":1,"minecraft:diamond_helmet":1,"minecraft:iron_boots":1,"travelersbackpack:iron_tier_upgrade":1,"minecraft:diamond_axe":1,"minecraft:crafting_table":9,"minecraft:spruce_planks":84,"minecraft:iron_helmet":1,"minecraft:wooden_pickaxe":1,"travelersbackpack:standard":1,"quark:jungle_bookshelf":2,"minecraft:spruce_door":3,"minecraft:smithing_table":1,"minecraft:iron_chestplate":1,"minecraft:diamond_pickaxe":1,"minecraft:shield":2,"minecraft:stick":96,"quark:oak_chest":2,"minecraft:iron_ingot":254,"minecraft:iron_pickaxe":2,"minecraft:gold_ingot":58,"mineminenomi:key":7,"minecraft:fishing_rod":1,"minecraft:furnace":8,"mineminenomi:sake_cup":3,"travelersbackpack:blank_upgrade":4,"travelersbackpack:gold_tier_upgrade":1,"travelersbackpack:white_sleeping_bag":1,"minecraft:iron_axe":1,"minecraft:stone_pickaxe":1,"minecraft:diamond_boots":1,"travelersbackpack:diamond_tier_upgrade":1,"minecraft:cooked_beef":7,"easy_hammers:diamond_hammer":1,"minecraft:diamond_sword":2,"travelersbackpack:backpack_tank":4,"minecraft:iron_sword":1,"minecraft:bucket":2,"minecraft:enchanted_book":1,"minecraft:air":0,"minecraft:bread":12,"minecraft:oak_boat":3,"quark:spruce_bookshelf":6,"minecraft:iron_leggings":1,"minecraft:white_bed":1,"minecraft:acacia_planks":4,"minecraft:torch":268,"minecraft:diamond_chestplate":1}},"DataVersion":2586}